Physiology_Output1,Physiology_Output2,Physiology_Output3,Physiology_Output4,Physiology_Output5,Physiology_Output6,Physiology_Output7,Physiology_Output8,Physiology_Output9,Physiology_Output10,Physiology_Output11,Physiology_Output12,Physiology_Output13,Physiology_Output14,Physiology_Output15,Physiology_Output16,Physiology_Output17,Physiology_Output18,Physiology_Output19,Physiology_Output20,Physiology_Output21
filename,expan_rate,R2,RMSE,# of obs,LeafT,gm,Vcmax,Rd,Jmax,TPU,gm_25,Vcmax_25,Rd_25,Jmax_25,TPU_25,gm_scale,Vcmax_scale,Rd_scale,Jmax_scale,TPU_scale
ACI_curve10_10172012-tnf-tr9-aci-b2.csv,1,0.997450999779252,0.123384456724249,8,32.8525,1.02112778390129,28.1688573328127,1.48026031274806,76.9754186599053,19.9568179748176,0.628554430567969,14.3276433300188,0.915330385339193,48.8651615389142,14.6293345290761,1.62456540633813,1.96604959266359,1.61718690481308,1.57526172503503,1.36416444200883
ACI_curve10_11252012-tnf-tr9-curves-b2_2.csv,1,0.994932805248603,0.181373438065424,14,32.7335714285714,29.9403959933834,14.2010302800819,0.868071475376154,31.2360279835764,8.9456719973284,18.5360388125609,7.2956066816352,0.540597742132065,19.962584892473,6.56237250923509,1.6152531992485,1.9465180758482,1.60576230295111,1.56472862366407,1.36317650129421
ACI_curve10_11262012-tnf-tr9-curves-hux1.csv,1,0.998255524473914,0.113874162249547,13,31.5492307692308,0.337505842987644,15.4249918866948,2.73257169532368,42.355933229039,19.7327946848854,0.222491160493189,8.75651259117677,1.82676637444254,28.9477704413741,14.7125783236154,1.51694045839622,1.76154510441033,1.49585175945531,1.46318464542267,1.34121934652419
ACI_curve10_11292012-tnf-tr504-curves-hux1_2.csv,1,0.998197380328117,0.257980159275089,14,40.4857142857143,29.9206726294997,72.0628035638556,1.70301499596151,84.9313536100749,18.3106235140559,32.4248997950317,19.6198367995319,0.675655716252022,35.4264411812487,19.6161787028164,0.922768391533607,3.67295631967617,2.52053665054213,2.39740009942148,0.933444978834073
ACI_curve11_10182012-tnf-tr500-sun-aci-b2.csv,1,0.987942659803959,0.18391734790492,13,32.4892307692308,29.9960292914012,17.0185605958789,3.00624848372071,99.24005903605,16.6825262744569,18.7980450170803,8.92449006703509,1.89966448420863,64.3044950195314,12.262818475776,1.59569940725996,1.90695047762352,1.58251549613671,1.54328338953455,1.36041533252829
ACI_curve12_10182012-tnf-tr500-sun-aci-hux1.csv,1,0.989274788925144,0.130942160287534,13,31.1592307692308,29.1423149941247,13.0970828052831,2.85853169934042,24.7606974415129,5.49138721293816,19.645570966151,7.68483496770566,1.95635139209652,17.3025082467255,4.13002315120103,1.48340381882188,1.70427639114197,1.46115453025905,1.43104670654897,1.32962625435677
ACI_curve1_08212013_tnf_tr500_curves.csv,1,0.942107154862797,0.955179798405853,15,30.398,0.634726477448724,24.1348361663101,3.21602172321414,73.4538230740407,19.6585494260935,0.44769782162147,15.1087060277165,2.30458413918614,53.611561503744,15.1017519526811,1.41775645713413,1.59741251977737,1.39548895982156,1.37011161424408,1.30173965826551
ACI_curve1_08262013-tnf-tr500-hux1.csv,1,0.912234739992289,1.28197400485534,14,30.2128571428571,29.9988984766927,25.7993870687539,3.31485379049083,74.5870164803806,22.9054957231531,21.3992679904906,16.4079214544053,2.40220501144612,55.019656194496,17.7010399194034,1.40186563811545,1.57237387687683,1.37992127012311,1.35564308538595,1.29401977665983
ACI_curve1_08272012_tnf_tr500_curves.csv,1,0.997784369791555,0.263493991536033,12,30.495,27.7608162159333,71.4473786323089,0.841346227800494,81.5599919495679,4.92526038597958,19.4662319622233,44.3585972409808,0.599374319401783,59.1981172632558,3.77227663871357,1.42610117200939,1.61067714211445,1.40370750058197,1.37774638316398,1.30564665789177
ACI_curve1_08272013-tnf-hux1.csv,1,0.975449329888488,1.50309083254902,17,30.0247058823529,7.57148492034259,129.311398260719,2.57487049742674,146.720353237873,8.86322694868442,5.4637109099685,83.5722946207808,1.8873760593144,109.404773720832,6.89296200099562,1.3857770012188,1.54729984198094,1.3642593826066,1.34107816549449,1.2858371984938
ACI_curve1_08292012-tnf-tr9-sun-aci.csv,1,0.993409881940435,0.356053708674899,11,29.8918181818182,29.9965527419247,25.0264456184283,0.367351769665389,55.6976232164268,21.0143345440358,21.824290868083,16.3591488541897,0.271450212663113,41.8503831425701,16.4192007176331,1.37445715525141,1.52981342987284,1.35329335741319,1.33087486981144,1.27986342973857
ACI_curve1_08302012-tnf-tr118-dappled-aci.csv,1,0.998454890691055,0.22678231284156,14,29.9078571428571,7.07366480863383,46.9123976340708,1.13753808614208,65.8749702055082,18.2243842768055,5.1414122953462,30.623383700007,0.839751513151243,49.4518703056931,14.23121033608,1.37582135068931,1.53191424218938,1.35461272570188,1.33210270508059,1.28059271463382
ACI_curve1_09042012-tnf-tr11-sun-aci.csv,1,0.998157935388156,0.256609739465982,14,30.7828571428571,29.9234398954781,39.6120776386294,1.21171443269375,71.5005337773305,20.929722490412,20.6237897462468,23.9979835321038,0.848330780735673,51.0490037534307,15.8961509653379,1.45091858788581,1.65064192104464,1.42835136978402,1.40062544849419,1.31665348020725
ACI_curve1_09052012-tnf-tr11-shade-aci.csv,1,0.996454929664093,0.217455284873345,11,30.6690909090909,1.57285787843888,17.834038590031,1.09706419616242,46.2405706905883,9.03798355886378,1.09142647510403,10.9094100598469,0.773361417372832,33.2297014459201,6.88654943606412,1.44110291835184,1.63473904566764,1.41856597900789,1.39154336868909,1.31241104747362
ACI_curve1_09082012-tnf-tr504-sun-aci.csv,1,0.992942923729384,0.33009093413515,14,29.9385714285714,29.98869732714,22.1875386824974,0.290998518813952,49.5708896393865,18.2099112758114,21.7556063953631,14.4455323524919,0.214420019268253,37.1468677303987,14.2044873662819,1.37843536889561,1.5359446880246,1.35714248980593,1.33445678379017,1.28198299637602
ACI_curve1_09122012-tnf-tr504-shade-aci.csv,1,0.990599654881125,0.451175955541674,12,29.8816666666667,29.9567950765235,26.3820422921355,0.86529938578991,50.247377219523,8.27362566858882,21.8090605031461,17.2602543510319,0.639797184385674,37.7771920259975,6.46679788838216,1.37359401943069,1.5284851402296,1.35245888370197,1.33009825571323,1.27940068816016
ACI_curve1_09142012-tnf-tr-caferana-aci.csv,1,0.989048276266757,0.325497893572903,13,29.7923076923077,29.9586820905064,26.4008563713604,0.942120519162126,40.0889057468613,13.3024404085953,21.9315790577325,17.4051841197397,0.700392004624614,30.2951186164955,10.4309206376856,1.36600661592325,1.51683867230215,1.34513317248256,1.32327937891067,1.27528919744009
ACI_curve1_09272012-tnf-tr11-shade-aci-h1.csv,1,0.990403563422137,0.793832750457156,10,31.305,29.9688153108138,64.1163845449747,6.0609084320053,115.178003184638,12.8403525551082,20.0331021996614,37.1586335703421,4.11177109825625,79.8192673711706,9.6240906507308,1.49596477930015,1.7254774566347,1.47403838569118,1.4429849706468,1.33418865439855
ACI_curve1_10252012-tnf-caferana-aci-b2.csv,1,0.998946180223357,0.160841234300288,15,31.498,1.80285400265072,34.9437446662834,1.06653901549678,58.8633563612646,4.22954854213161,1.19193018175604,19.9232002305089,0.715196838576646,40.3470231047771,3.15682747659912,1.51255000523153,1.75392227463403,1.49125241887164,1.45892687568058,1.33980984817331
ACI_curve1_11262012-tnf-tr9-curves-b2.csv,1,0.998960029279365,0.237450998967396,14,32.4342857142857,0.741082538224276,141.75524359833,3.75059878140434,99.4875907603972,11.7064291271178,0.465728337415717,74.6805159568811,2.37781576583005,64.6654463690996,8.60981070329124,1.59123351251606,1.89815565388134,1.57732942783104,1.53849693068751,1.35966161516685
ACI_curve1_11302012-tnf-tower macarunduba-curves-b2.csv,1,0.979766029708156,1.37202592730291,15,32.434,22.1162163795296,106.071922441332,2.30304492194715,133.577763588159,8.26475875660498,13.8989908211202,55.8829158452707,1.46011619339258,86.8249516646336,6.07855899688337,1.59121022987676,1.89811001872246,1.57730249987573,1.53847207544797,1.35965757029627
ACI_curve1_2015-28-7-tnf-caferana1-b2_1.csv,1,0.99477752711599,0.11373322041129,12,31.0866666666667,25.9647017080297,7.92910362028151,1.05463415696507,100.620197492926,1.47696506926422,17.5776377016732,4.68121737979399,0.724944876875664,70.6039034351392,1.1127954314714,1.4771439796804,1.6938123092738,1.45477841227085,1.42513646692866,1.32725658957038
ACI_curve2_08242013-tnf-tr504-hux1.csv,1,0.999690143514044,0.0707746124225613,14,30.0464285714286,29.7921179669854,18.4616439035135,1.45075899315282,51.4228363469965,4.0578756870293,21.4697699492365,11.9093875316532,1.06200280611612,38.296582089979,3.15346590126585,1.38763098241977,1.55017576298072,1.3660594725342,1.3427526306702,1.28679865712212
ACI_curve2_08262013-tnf-tr500-hux1.csv,1,0.977812810645548,1.56067059807474,15,31.2833333333333,29.8153044530788,79.6780364498244,2.25580349624105,128.960969407447,8.62028178765649,19.9553705637641,46.2622847837487,1.53235341417101,89.4813533818914,6.46427004511198,1.49409926304344,1.72231088071582,1.47211699036244,1.44120494978505,1.33352748686215
ACI_curve2_08272013-tnf-hux1.csv,1,0.999060948452948,0.196354151724744,10,30.544,0.945232070224175,46.3720111565865,2.37795968142855,93.635142917863,12.0256827008444,0.660853243469214,28.6704223193282,1.6890411578851,67.7721211362631,9.19687776490312,1.43032069459489,1.61741639659506,1.40787550991715,1.38161741654211,1.30758318292937
ACI_curve2_08292012-tnf-tr9-sun-aci.csv,1,0.997160985494807,0.155668730075977,11,30.1081818181818,29.9621741865976,16.6362347831142,1.29448782992597,38.2433727341277,16.9067381398859,21.5105401730306,10.6753499856804,0.944062748909533,28.3804990557287,13.1109963847228,1.3929066376568,1.55837839559635,1.37118833617915,1.34752291208946,1.28950826037798
ACI_curve2_08302012-tnf-tr118-dappled-aci_2.csv,1,0.999187264549803,0.231800233451111,11,30.4481818181818,7.23834147856712,61.3117842104352,1.96724691810922,94.9113943539194,22.2006885041398,5.08999630736396,38.2180574792965,1.40544204251662,69.0738565510602,17.0280323902935,1.42207204906908,1.60426218008723,1.39973535627739,1.37405668501743,1.30377297830341
ACI_curve2_09052012-tnf-tr11-shade-aci.csv,1,0.996064254196845,0.284039829926016,7,30.2514285714286,29.9546231550051,32.2395671264898,3.56800481252732,72.8676585497737,20.3163055937569,21.3174101697041,20.4363466861639,2.57961926821543,53.6325503173504,15.680325649657,1.40517177821047,1.57756019809142,1.38315171408827,1.3586461601883,1.2956558459104
ACI_curve2_09082012-tnf-tr504-sun-aci.csv,1,0.987793270603534,0.943498136805094,11,30.0054545454545,29.9268673212704,64.4179983312642,0.467751703070831,143.76992350595,7.80467012528832,21.6213538268618,41.7011040071691,0.343262217931619,107.323365193374,6.07376047633442,1.38413475682036,1.54475522566956,1.362665853205,1.33959574643328,1.28498154573236
ACI_curve2_09122012-tnf-tr504-shade-aci.csv,1,0.99942884764071,0.165617884934484,12,30.0375,29.8640955104327,53.347345962939,1.288129060154,78.9719158005472,19.5144583760118,21.5334679115598,34.4400154445825,0.94346357505293,58.8436217755206,15.1697744082929,1.3868688328832,1.54899309057455,1.36531933422202,1.3420641595076,1.28640399328178
ACI_curve2_09142012-tnf-tr-caferana-aci.csv,1,0.996242650968026,0.171671295550058,11,30.38,5.81605571741659,32.1059228952018,1.92153599026932,40.2646933492614,5.80281831554032,4.10677700698786,20.1295828252261,1.37846433272202,29.4182241389994,4.46026144990366,1.41620928224744,1.59496215962147,1.39396859581771,1.36869897921142,1.30100407357637
ACI_curve2_09182012-tnf-tr500-shade-aci.csv,1,0.992728472952955,0.127115603870626,10,31.685,29.9926002752165,12.634246107305,1.96471980800021,41.7130180641751,2.04608361826542,19.6216733421171,7.09034340467251,1.30277657941511,28.2891877954443,1.52149780175076,1.52854446979497,1.78189480906934,1.50810187951205,1.47452158633174,1.34478250044859
ACI_curve2_10102012-tnf-tr9-aci-b2.csv,1,0.999002422177276,0.129767832807616,14,30.0585714285714,2.2816426912742,45.0811936375893,1.05673379564939,51.3004715223699,16.9324838486461,1.6430443259868,29.0511753253847,0.772993626604273,38.1788153523581,13.1531372618678,1.38866776458015,1.55178553475589,1.36706663454856,1.3436894531407,1.28733423148673
ACI_curve2_10112012-tnf-tr9-aci-b2.csv,1,0.997465937117465,0.119725550186523,15,30.7013333333333,29.6945622019471,10.4507062777862,0.442147464294592,28.7751187295907,20.5043298793873,20.5657529921592,6.37536875699791,0.311079396901526,20.6404640008271,15.6089324657905,1.44388402473123,1.63923165484585,1.42133316670456,1.39411200874349,1.3136279450453
ACI_curve2_10252012-tnf-caferana-aci-hux1.csv,1,0.998858039509287,0.165228977899304,13,30.8176923076923,0.545857113787152,55.0271990528067,1.21196692682983,62.3095111803522,9.59869271466227,0.375436825429939,33.2382209299621,0.846724247010319,44.3984346850513,7.28319381728946,1.45392533926861,1.65553984278392,1.43135965588459,1.40341684616488,1.31792355873821
ACI_curve2_11262012-tnf-tr9-curves-hux1.csv,1,0.997954401593155,0.323907339628864,14,30.2742857142857,29.3084406761183,47.756954595544,1.63501452500211,84.50252954911,6.16630721847672,20.8284921798962,30.2136627214558,1.18045689656446,62.1146405272981,4.75568329899421,1.40713213529719,1.5806410178012,1.38506923019431,1.36042853716545,1.29661855737552
ACI_curve2_2015-28-7-tnf-caferana1-b2_2.csv,1,0.991961081192411,0.132974585053714,11,31.2527272727273,29.9954443070205,7.85215337549118,1.46186298805348,47.167177743899,8.05762781683656,20.1114227377151,4.57092721566674,0.994866182588093,32.7847224524454,6.04662197138317,1.49146307042563,1.71784694986569,1.46940665351648,1.43869382491542,1.3325833589351
ACI_curve3_08212013_tnf_tr500_curves.csv,1,0.975822495508262,1.10750221115261,13,30.01,0.784205580635855,124.103028552428,4.84731965188638,99.6064114135372,24.9027379765758,0.566408718492278,80.3070965527456,3.5562512506696,74.3361589426394,19.3767899089096,1.3845224394203,1.54535568934331,1.36304195351037,1.33994563117523,1.28518387687763
ACI_curve3_08262013-tnf-tr500-hux1.csv,1,0.997621059520574,0.124306100001187,7,30.6028571428571,29.8496404484727,36.5322434604508,2.05983236803182,47.7363826863476,4.13409234082972,20.7954592933436,22.4738327886414,1.4578791027553,34.4348806647921,3.15609513112483,1.43539221843622,1.62554575376723,1.41289655921322,1.38627989308398,1.30987570686956
ACI_curve3_08272013-tnf-hux1.csv,1,0.990146110611242,0.921251643490853,13,30.7569230769231,29.6683051745923,74.8532470027814,3.03477304419643,118.927979693365,8.05909542052588,20.4795375638081,45.4481213876458,2.12799959740334,85.0366000783664,6.12533346105273,1.44868042465093,1.64700420429542,1.42611542215495,1.39855050159303,1.3156990507976
ACI_curve3_08292012-tnf-tr9-sun-aci.csv,1,0.992984993746618,0.417135947745409,10,30.024,1.00831586303547,83.3599738627869,1.32284777411753,69.6003692352848,23.4020709386413,0.727649317229777,53.8777308778414,0.969686906795148,51.9009208039807,18.2003140859769,1.38571677202174,1.54720647110754,1.36420092387303,1.34102378449414,1.28580588379364
ACI_curve3_08302012-tnf-tr118-dappled-aci_3.csv,1,0.920018726632471,0.304518779225501,12,30.7641666666667,29.9968716477756,5.38057553191467,1.04533618002069,49.1134634105994,4.84713313749769,20.6974105761539,3.2648737013216,0.732674806988082,35.1028648146471,3.68332593787754,1.44930553208119,1.64801950217451,1.4267396258893,1.39912977672712,1.31596638995537
ACI_curve3_09122012-tnf-tr504-shade-aci.csv,1,0.998855783470541,0.139863206289977,12,30.3058333333333,0.9061306703758,95.2971546619101,3.18386052632496,59.1322964317873,19.0447059578308,0.642719160482377,60.1280937061622,2.29431097739939,43.3873681488324,14.6730373799575,1.40983920519147,1.58490231085014,1.38771969348892,1.36289198803082,1.29793889735773
ACI_curve3_1010-tnf-tr9-aci-hux1.csv,1,0.997051843841667,0.290414815210847,14,30.1521428571429,0.797609234639651,126.590787870766,3.85861045421757,74.801704964935,9.8766562954675,0.571080559675192,80.9278747415052,2.80656845457926,55.3706112639831,7.6479301810869,1.39666675940309,1.56424208933096,1.37484993388341,1.35092792471286,1.29141559371085
ACI_curve3_10112012-tnf-tr9-aci-hux1.csv,1,0.993028469883223,0.381277863784664,14,39.3607142857143,29.9916751526108,146.34027424683,3.05127582558457,74.3333704719353,17.8127614116205,24.4462874634013,43.6031327561266,1.29063155594068,32.9430812195781,17.0986172412837,1.22683966624837,3.35618715896665,2.36417264984711,2.2564182741886,1.04176619432199
ACI_curve3_10172012-tnf-tr9-aci-b2.csv,1,0.997404369045966,0.325639169162602,14,31.8407142857143,0.728069071351431,144.915451580923,6.09077677600169,108.849803310062,13.0056840286976,0.472224798883588,80.2632985428638,4.00113686460765,73.1704566982571,9.64417079653718,1.541784914881,1.80550082306339,1.52226154268256,1.48761956972526,1.34855388846571
ACI_curve3_10252012-tnf-caferana-aci-hux1.csv,1,0.999237101106999,0.153776959557578,14,31.0307142857143,29.9919902997208,42.2831632249162,1.1694667042461,66.5064968991309,6.9627047318159,20.3706320664763,25.0821918040491,0.806596134626409,46.8159781165409,5.25334246695575,1.47231515457384,1.68578422313517,1.44987888491155,1.42059398467706,1.32538565220377
ACI_curve3_11162012-tnf-caferana-b2.csv,1,0.997033816434494,0.168271145772198,13,29.6384615384615,28.4763719387787,26.7650837694679,1.72319797939294,41.9164875927901,2.89614821879422,21.0469999752946,17.8793975531404,1.29310620740821,31.9579923692356,2.28393080754487,1.35298959339597,1.4969790615102,1.33260359398226,1.31161204084713,1.26805427258432
ACI_curve3_11192012-tnf-tr33-lc-b2.csv,1,0.994990292304407,0.182743467690498,12,34.0466666666667,0.373699589884492,77.474535510935,3.83708207896128,46.3574802514186,14.0085729367207,0.218980142479656,35.6625492701981,2.2103298053463,27.519189512229,10.2978642319339,1.70654556003502,2.17243402662966,1.73597716941618,1.68455107410842,1.36033769927553
ACI_curve3_11252012-tnf-tr9-aci-b2.csv,1,0.975621400380148,0.366176632620935,9,32.1111111111111,29.8930969476054,22.0503352155199,0.753178037013856,32.6472450227646,10.1829698029432,19.1065376025509,11.9373027798762,0.486822325600478,21.6119787574539,7.51914222620622,1.56454809183294,1.84717901708015,1.5471312579694,1.51060878733766,1.35427280088583
ACI_curve3_11262012-tnf-tr9-curves-b2.csv,1,0.994437886923517,0.36457343300278,15,33.154,29.989400862481,29.1279518817704,0.997799244062263,58.2663152862568,6.58324493020959,18.2035749999476,14.4456853978461,0.606021586874881,36.3653996953556,4.82079479689812,1.64744567276304,2.01637728356686,1.64647475547479,1.60224597486545,1.36559326989929
ACI_curve3_11272012-tnf-tr504-curves-b2.csv,1,0.99826407547753,0.270012061954085,13,30.6923076923077,17.5437555473167,40.6676996915052,1.5143515982133,73.2690796544318,16.7132028212204,12.1569464442339,24.8280664205031,1.06602583793733,52.5832292577291,12.7262238798971,1.443105439988,1.63797288933953,1.42055806184158,1.39339254527929,1.31328844902857
ACI_curve3_11292012-tnf-tr504-curves-b2.csv,1,0.998296729960701,0.376549753455548,15,30.462,1.06869035681121,110.855033459208,2.79750196731845,119.449112707825,15.0276887804616,0.750874498227944,69.0189717414597,1.99692243538793,86.8629362439079,11.5214001405074,1.4232609568354,1.60615307157086,1.40090667406167,1.37514477259227,1.30432834527001
ACI_curve3_11302012-tnf-tower macarunduba-curves-b2.csv,1,0.999845676213463,0.0773452182388158,12,30.2608333333333,21.1403774737925,50.3211330835411,2.20419332658964,83.5130314654805,5.55353828017013,15.0360626222569,31.8724775592728,1.59269381685118,61.434680129776,4.28496372261478,1.40597828067701,1.57882715549677,1.38394040541164,1.35937928364021,1.29605257819575
ACI_curve3_1242012-tnf-tr11-curves-b2.csv,1,0.992276757990239,0.401511067074943,13,31.73,1.17263720078695,45.5936502189712,4.25538699610977,92.1587549240801,18.2080299456582,0.765239641215912,25.4900059332607,2.81407105007169,62.3411945735973,13.528441637142,1.53237905830873,1.78868731291577,1.51218178944038,1.47829626227777,1.34590741742704
ACI_curve3_2015-28-7-tnf-caferana1-b2_3.csv,1,0.966003046445182,0.240865198032713,11,30.5736363636364,29.9981044305125,7.27958783764487,1.22929375420796,48.7774894258218,20.7531224776163,20.9356198557429,4.48940182198699,0.871591187910779,35.2447833541289,15.857304260722,1.43287395535526,1.62150507490616,1.41040177007135,1.38396337794789,1.30874215039318
ACI_curve3_2015-28-7-tnf-caferana1-b2_4.csv,1,0.986630542533443,0.194720333976907,12,32.6,29.6240878103839,9.1493807871857,1.2629043515128,60.6732174718872,1.57096699094123,18.4616425826057,4.75343080406437,0.79277529156241,39.0690758097231,1.15360651284719,1.60462903979602,1.924795198315,1.59301679171137,1.55297293868384,1.36178755359482
ACI_curve4_08212013_tnf_tr500_curves.csv,1,0.988317666707381,0.309261952603807,14,30.6,29.9997464558692,13.7442597338345,1.46898391058001,103.914945501976,17.0329282640045,20.9036205397565,8.4572239921146,1.03987637553879,74.9718283853053,13.0045654817464,1.43514595468344,1.62515025576353,1.41265245094052,1.38605323812996,1.30976527342743
ACI_curve4_08262013-tnf-tr500-hux1.csv,1,0.973309910220896,0.766893379162201,15,30.656,0.272536625267067,35.398985558641,3.58915505140629,128.432670074841,11.4542582997796,0.189264969280435,21.67835782955,2.53213212051525,92.3642696273671,8.73095396863048,1.43997394923753,1.6329182236483,1.41744383017264,1.39050165819518,1.31191371995932
ACI_curve4_08272012_tnf_tr500_curves.csv,1,0.992171073095092,0.402659528254607,9,31.1522222222222,29.9892302373882,55.6822553165454,1.71678086946909,72.2465776063024,7.6273898829064,20.2247388857481,32.6915168460616,1.17544447575953,50.5053086119883,5.73746706010213,1.48279937787087,1.70326313027147,1.46053761353531,1.43047492613783,1.32940020448163
ACI_curve4_08292012-tnf-tr9-sun-aci.csv,1,0.997051638655473,0.178417355268145,10,30.323,0.3612866904005,111.279990876673,4.25729152299647,59.9540745944763,13.4224737389283,0.255993329851898,70.1097528121784,3.06464319661278,43.9470564841994,10.3356872620731,1.41131290651017,1.58722554870202,1.38916384383731,1.36423413513558,1.29865323887868
ACI_curve4_10102012-tnf-tr9-aci-b2.csv,1,0.999427861901841,0.150170441527595,14,30.5792857142857,0.826550612018083,89.2711701101945,2.66436425376366,80.7128690668174,10.5943725267583,0.576652183898769,55.0280252096577,1.88843636401957,58.3012348229369,8.09372036510353,1.43336075904498,1.62228554940996,1.41088378964092,1.3844109702298,1.30896201608798
ACI_curve4_10112012-tnf-tr9-aci-b2.csv,1,0.997979871366688,0.160391605439721,14,30.8428571428571,0.326479377850002,110.514727728055,2.95941630508654,51.3497506255869,5.7068980881166,0.224215306446726,66.6117966497396,2.06441665415194,36.5365166290583,4.32723499164071,1.45609763679347,1.65908642742617,1.43353634506609,1.40543640618294,1.31883248752173
ACI_curve4_1018-tnf-tr500-lc-hux1.csv,1,0.899235828910374,0.260064196544,14,30.6592857142857,29.9940737665561,4.81497781013716,1.18061702791691,58.7131465264749,13.9176194309091,20.8254967824219,2.94787028980068,0.832754370285869,42.2164985917787,10.6076285775121,1.44025729997822,1.63337505954603,1.4177254062463,1.39076305437393,1.31203872092713
ACI_curve4_10252012-tnf-caferana-aci-b2.csv,1,0.995815353404672,0.281004007486851,13,31.87,29.4312135008316,36.0034382395867,1.22898025753674,107.902342645715,3.61469391797439,19.0583895017681,19.8917036523022,0.805921570591001,72.4130910556588,2.67908953885595,1.54426550565047,1.80997258298787,1.52493778846929,1.4900944162538,1.3492247517483
ACI_curve4_11162012-tnf-caferana-hux1.csv,1,0.997457289627428,0.134257133083166,12,29.55,1.67556582213524,59.1321971092572,3.75123951236501,45.6813999144287,6.92554969252452,1.24528059842304,39.8017376671736,2.83017088471249,35.0063891263403,5.47990688521149,1.34553274519582,1.48566873144401,1.32544629464877,1.30494464166417,1.26380791454949
ACI_curve4_11192012-tnf-tr33-lc-hux.csv,1,0.997081095347888,0.257491990783851,14,32.9414285714286,29.985837526551,38.683144860301,1.29476611582832,56.456526288737,21.8006774574612,18.3801092631715,19.5293258850661,0.796398418649047,35.6602352370924,15.9741448312097,1.6314286872404,1.98077215199126,1.62577685428441,1.58317873994317,1.36474770247907
ACI_curve4_11252012-tnf-tr9-aci-hux1.csv,1,0.998240844034324,0.150909128083288,12,31.6141666666667,0.548064439457727,82.2374548183089,3.52278604151345,56.9191579644204,8.7527356194307,0.359977464753275,46.4290213857532,2.34586591019084,38.7575003764536,6.51751970489575,1.52249652581271,1.77125109174805,1.50169966075634,1.46859723696218,1.34295499142963
ACI_curve4_11262012-tnf-tr9-curves-hux1.csv,1,0.98860078639814,0.384696060839295,15,30.79,29.9836847805797,17.0985701117642,0.556525513483517,44.6066322723394,9.79460868714326,20.6565347307935,10.3524478359923,0.389459813217324,31.834652099479,7.43754039242379,1.45153507939944,1.65164513578302,1.42896775121948,1.40119741635466,1.31691502437022
ACI_curve4_11272012-tnf-tr504-curves-hux1.csv,1,0.995315307210586,0.274965607770748,13,32.2953846153846,4.5285576635153,30.0829988693847,1.39795575375089,47.4334407582938,10.0232500265668,2.86645533490484,16.034953980279,0.893669912345597,31.0742425804524,7.38337267824071,1.57984588434749,1.87608888097734,1.56428647136805,1.52645525101656,1.35754355947736
ACI_curve4_11292012-tnf-tr504-curves-hux1.csv,1,0.995969198847928,0.262425895238831,15,30.4946666666667,29.9545299002242,23.5802011341594,0.793395105093221,48.8828811950401,10.2202239282361,21.0049141186726,14.640346229071,0.565225383312951,35.4809963327745,7.82778990071937,1.42607247670657,1.61063138570704,1.40367918447487,1.37772008250755,1.30563339816988
ACI_curve4_1242012-tnf-tr11-curves-b2.csv,1,0.952295022904727,0.740086594085261,11,31.6563636363636,29.9852548966125,25.6795008135261,2.84217405408466,65.9148419557427,10.0235350547576,19.6482753012513,14.4462881387071,1.88784715369206,44.7753339401007,7.45769883314551,1.52610111762343,1.77758470320975,1.50551068105605,1.47212396101661,1.34405200303991
ACI_curve4_2015-28-7-tnf-caferana1-b2_4.csv,1,0.997112021884815,0.200789273723894,12,31.0291666666667,29.9021906278239,29.9824667788552,2.31812134957293,48.765054144817,17.3543889906932,20.3114827546509,17.7878089747383,1.59898715132276,34.330260281559,13.0943575566012,1.47218157280895,1.68556266943475,1.44974357527218,1.42046852382916,1.32533336711463
ACI_curve5_08242013-tnf-tr504-hux1.csv,1,0.99695137576967,0.137647572230341,14,30.7835714285714,0.13157529328056,16.901635724796,1.9042238327719,94.522761446442,3.34768995133877,0.0906802794427609,10.2388098811298,1.33310452678475,67.4833534865575,2.54252423863508,1.45098023615612,1.65074221721275,1.42841299726482,1.40068263598179,1.31667966049989
ACI_curve5_08262013-tnf-tr500-hux1.csv,1,0.997111923308393,0.309851458638971,10,30.417,29.9542738394466,74.1028205846106,2.19899658377354,98.286060635152,17.6679508502687,21.1036238254426,46.3141824176081,1.57397740845881,71.6577462671083,13.5645149297768,1.41939005770818,1.60000277920134,1.39709539155758,1.37160412872581,1.30251254407071
ACI_curve5_09042012-tnf-tr11-sun-aci_2.csv,1,0.991801381142924,0.583887806660461,13,31.2569230769231,29.983414093859,39.211806097038,1.70151344215037,75.2954041140034,12.6627034905816,20.0984857364532,22.8180145717926,1.15766700653341,52.323435582389,9.50144465948556,1.49182453280434,1.71845828100711,1.46977795216389,1.4390378474946,1.3327134919362
ACI_curve5_09142012-tnf-tr-caferana-aci_2.csv,1,0.997484823991913,0.167121903812108,10,31.042,0.525504626744594,85.3478646034199,3.61414627115663,55.728604121939,4.04998266787877,0.356688021515744,50.5794894771456,2.49102702037303,39.2038299124856,3.05482451462808,1.47328924731328,1.68740067338925,1.45086594468792,1.42150918025972,1.32576606233365
ACI_curve5_1010-tnf-tr9-aci-hux1.csv,1,0.993977972824137,0.379983490689392,15,30.578,0.481331917561131,104.700849469897,3.40606259786022,69.6950617651248,23.319753731348,0.335832498703438,64.5461685226943,2.41432179428702,50.3464595518474,17.816135535495,1.43324996663345,1.62210789371773,1.41077407573421,1.38430909314193,1.30891200759492
ACI_curve5_10112012-tnf-tr9-aci-b2.csv,1,0.994635678724954,0.124657790771197,13,31.0623076923077,0.277668480651978,8.82654703738815,1.02412149290236,50.3582023467873,17.7984377524678,0.188244467962682,5.22184195620032,0.705005346404288,35.3848460294705,13.4181324397544,1.4750419157445,1.690312941568,1.45264358366308,1.423157311603,1.32644671919735
ACI_curve5_10172012-tnf-tr9-aci-b2.csv,1,0.999182378777291,0.0881685563143317,12,30.6725,2.22735416417927,15.4072031743149,2.07958997770915,54.8567174789416,18.5713675435772,1.54527465786437,9.42213535714066,1.46567837407181,39.4138063662369,14.1491794292267,1.44139694056561,1.63521352541793,1.41885833515564,1.39181476077717,1.31254025270299
ACI_curve5_11162012-tnf-caferana-b2.csv,1,0.993838274829527,0.265341698940606,13,29.8807692307692,27.848658420372,24.7439544301552,1.5010963232136,43.6083223893659,3.03209413655547,20.2754270244897,16.1897908306322,1.10996215836287,32.7874821450869,2.37000903586878,1.37351772600079,1.52836776515592,1.35238513484787,1.33002961912098,1.27935973688978
ACI_curve5_11292012-tnf-tr504-curves-b2.csv,1,0.997153207048541,0.444004177500937,14,29.9235714285714,29.9986651768794,48.3698638080743,1.46463020252993,99.3830852801944,17.194192953432,21.7830157778448,31.5323654865494,1.08018525222591,74.5388052331586,13.4192812749275,1.37715849278274,1.53397510975531,1.35590649799357,1.33330665777809,1.28130505659476
ACI_curve5_1242012-tnf-tr11-curves-hux1.csv,1,0.980695657144768,0.535415197258791,11,40.0990909090909,29.99704339323,70.0440208752066,5.21964039214375,117.173656276428,5.59701629035989,29.193552448993,19.6691141909153,2.11681878397962,49.9015140488996,5.7632738651917,1.02752289039304,3.56111720107651,2.46579463090876,2.34809821925657,0.971152234177876
ACI_curve5_2015-28-7-tnf-caferana1-b2_4.csv,1,0.983548334299452,0.128439139601981,11,31.5172727272727,29.9703276780214,4.97761732127002,1.44853419630006,53.0169782845463,11.1392643901349,19.7928154272172,2.83336518705426,0.970229371385164,36.2998876797965,8.31074898598668,1.5142023522742,1.75678636273676,1.49298118467805,1.4605273369497,1.34034422275508
ACI_curve6_08242013-tnf-tr504-hux1.csv,1,0.999102765601699,0.128183118740985,14,30.3435714285714,0.277885028335289,62.5768464474835,4.87144285007224,67.121329154166,11.9988048116192,0.196652087028915,39.3561679323387,3.50237703097421,49.1427485434447,9.23336274728155,1.41307947723144,1.59001370649363,1.39089618478831,1.36584401857025,1.29950540664634
ACI_curve6_08262013-tnf-tr500-hux1.csv,1,0.994464079254695,0.127716913313586,14,30.8664285714286,0.236633213267194,105.175651568899,5.9272752205332,42.8544669480026,5.5531804622967,0.16228512216528,63.2667919881749,4.12884266885843,30.4508921804175,4.20798363696876,1.45813251461335,1.66241480346526,1.43557788366201,1.40733042217928,1.31967729472849
ACI_curve6_08292012-tnf-tr9-aci-shade_2.csv,1,0.998798239091292,0.128541626694709,9,30.6311111111111,1.18245530520113,55.6274452183707,1.7711558218479,48.669804169985,16.6071412268943,0.82239003328327,34.1385437462835,1.25142381458211,35.0514923297398,12.6678942918943,1.43782786432899,1.62946157375054,1.41531254336833,1.3885230252719,1.31096304123097
ACI_curve6_09082012-tnf-tr504-sun-aci_2.csv,1,0.996483269170595,0.248846029051246,13,30.8230769230769,0.502742417850826,115.476655781485,5.00005963965453,76.8090780482689,5.79520018821822,0.345672322735931,69.7197283960223,3.49208811978793,54.7132141807541,4.39656944177285,1.45439013997914,1.6562981302158,1.43182516252144,1.40384876301578,1.31811865250134
ACI_curve6_10102012-tnf-tr9-aci-b2.csv,1,0.998128590913967,0.266179862926402,14,30.5142857142857,0.448704133532437,127.019559395835,4.00967305328892,85.757776435671,11.1757162508046,0.314271045207219,78.7314643386349,2.85315586329606,62.1762597292362,8.5545122933025,1.42776161016226,1.61332652025251,1.40534665661651,1.37926882075453,1.30641185232199
ACI_curve6_10112012-tnf-tr9-aci-hux1.csv,1,0.996001498254638,0.308032483821707,14,30.7178571428571,3.5275349867516,54.9458475745768,1.31985417948268,58.6903902200796,4.22237283480745,2.4406778258919,33.47216565799,0.927676143127971,42.058999058017,3.21276924566782,1.4453095567673,1.64153846918659,1.42275317659065,1.39543002768851,1.31424715313775
ACI_curve6_11162012-tnf-caferana-hux1.csv,1,0.998970307251153,0.110018910096831,13,30.0176923076923,23.6323667447711,28.7799474207673,1.15016456520832,42.7652319772567,3.02878429317702,17.0608804346631,18.6112661887249,0.843427864899298,31.901545701078,2.35606640921171,1.38517861579737,1.54637234935702,1.36367864173618,1.34053792809831,1.28552585841177
ACI_curve6_11292012-tnf-tr504-curves-hux1.csv,1,0.997862769896551,0.352223450113201,14,31.3428571428571,29.9905830520348,51.076506823707,2.97341090771689,104.282012263647,22.4289895259015,20.0040869953297,29.5065415916115,2.01259582581182,72.1125978383183,16.7965960770113,1.49922278677535,1.73102315854691,1.47740091159013,1.44609978546959,1.33532945741304
ACI_curve7_08272013-tnf-hux1.csv,1,0.999134969672297,0.14365798208752,12,30.4758333333333,0.266084585459776,36.2941589728376,4.1125725484387,77.9910778284615,11.8990031194276,0.186797939111292,22.5703192963168,2.933193616186,56.6698915521635,9.11883217196267,1.42445139772792,1.60804809610116,1.40208015104923,1.37623481697812,1.30488234622993
ACI_curve7_08282012_tnf__tr500_sun_aci.csv,1,0.992148474463122,0.478081424621995,11,30.4409090909091,29.10683232437,52.3346370188871,0.864199879421187,69.4087196220109,4.89607108515302,20.4769116018438,32.6424799661096,0.617674222954885,50.5347741815152,3.75615390825827,1.42144640218836,1.6032677992978,1.39911922386359,1.37348431344924,1.30347989053072
ACI_curve7_08292012-tnf-tr9-aci-shade_2.csv,1,0.995083709119031,0.169865950343081,10,30.853,29.841428693808,21.470474215911,0.738832979520858,31.4920858834172,15.0456774420508,20.4817960369095,12.9299867412107,0.515076343270522,22.3943541828061,11.4051804362911,1.45697323809064,1.66051788340045,1.43441450801171,1.40625113036732,1.3191967918522
ACI_curve7_09082012-tnf-tr504-sun-aci_2.csv,1,0.997364899132072,0.369995181019111,11,30.8009090909091,26.7122588943111,55.5837681225932,1.21594398294219,97.8209672830122,7.43879617847691,18.3908351264344,33.6223652493333,0.850364240110938,69.7688931138101,5.64694505640474,1.45247666626709,1.6531784040296,1.42990959119301,1.40207136615228,1.31731336221164
ACI_curve7_10102012-tnf-tr9-aci-b2.csv,1,0.996482593687518,0.234564442609362,12,31.3125,0.430772357300349,116.837085063851,6.84469579624925,76.2261788809174,19.9290784913365,0.287831996711018,67.6698646633909,4.64140313974035,52.8027813825165,14.9346805291814,1.49661039155713,1.726574829801,1.47470400440849,1.44360158471039,1.3344161230899
ACI_curve7_10112012-tnf-tr9-aci-b2.csv,1,0.999007173980956,0.146146758916391,14,31.3614285714286,0.587035606453738,128.618298587777,4.05771303214548,69.7904886687752,5.00180947066223,0.39114316931938,74.1850445138614,2.74345352772273,48.2101708071798,3.74419908547094,1.50082029420385,1.73374969888633,1.47905294955504,1.44762998139765,1.33588234933109
ACI_curve7_10172012-tnf-tr9-aci-b2.csv,1,0.998926656030345,0.20168377014591,12,31.9208333333333,0.419166141094352,140.884894095414,7.01634511983588,106.909859004538,12.4251255798487,0.27068068019927,77.5047238656175,4.58706642344369,71.5403790407042,9.20134382859339,1.54856320290672,1.81775880318843,1.52959309330612,1.49439883375108,1.3503598834376
ACI_curve7_10182012-tnf-tr500-aci-b2.csv,1,0.992382022714776,0.370839199946735,13,31.6823076923077,29.7659000425478,32.6865730943382,2.06847816135378,58.1540666809605,11.9313129449349,19.4762878520194,18.3478931828712,1.37179895792699,39.4453120884294,8.87274932961834,1.52831485489991,1.78148917527235,1.50785809349176,1.47429602155484,1.34471430463009
ACI_curve7_10252012-tnf-caferana-aci-b2_2.csv,1,0.998959310380947,0.181781770186475,14,32.1814285714286,25.0018211391716,37.277463365915,1.26965711627419,67.5237945636216,4.99797387850507,15.9205794944213,20.0614713112208,0.817205180317186,44.5220119453544,3.68695788480914,1.57040898843741,1.85816198560995,1.55365769436433,1.51663843598306,1.3555820366426
ACI_curve8_08242013-tnf-tr504-hux1.csv,1,0.998272348964894,0.14938464782869,14,30.6785714285714,29.9665488011801,18.7474901907035,0.973098387260037,43.223792156598,10.4290293167266,20.7823848302897,11.4589337712864,0.685580307261136,31.0449239597079,7.94429256475983,1.44192059986806,1.63605886593748,1.41937914049417,1.39229821315383,1.31277004613209
ACI_curve8_1010-tnf-tr9-aci-hux1.csv,1,0.998747968525609,0.128775084060947,13,30.5569230769231,29.9306942206555,17.928505968844,1.46364414951737,43.3390526451435,14.348518101001,20.9095880421291,11.0724597712231,1.0387994719385,31.3451470943516,10.9690628123169,1.43143395079571,1.61919811309132,1.408976601409,1.38263995108044,1.30808970160051
ACI_curve8_1017-tnf-tr9-lc-hux1.csv,1,0.982063396443291,0.650631571935287,12,40.6133333333333,2.23082266446452,1248.83520226416,4.87149065988554,87.048392955853,23.3345278273826,2.51011489688519,336.560963424404,1.91878483130382,36.0617117047408,25.3376170521909,0.888733287560964,3.71057650167639,2.53884155242949,2.41387302046479,0.920944056393218
ACI_curve8_1018-tnf-tr500-lc-hux1.csv,1,0.939957749821514,0.566532822252899,15,31.27,29.9964604420783,17.3178497132204,2.67182438884106,102.39512523002,10.8955049334674,20.0920601209149,10.0663817733169,1.81641140684063,71.1022688474165,8.17295081477496,1.49295095980991,1.72036488414587,1.47093570255006,1.44011051812928,1.33311764384666
ACI_curve8_10252012-tnf-caferana-aci-hux1_2.csv,1,0.99649943967453,0.307193431438868,14,40.4257142857143,29.9980730198685,62.4533972666144,1.07436504763008,66.9407272600301,14.0855187094811,31.9506483523119,17.0852860319307,0.427698000802035,28.0123098516506,14.9955155452491,0.938887771199104,3.65539079356912,2.51197117034775,2.38968966195716,0.939315401793147
ACI_curve8_11162012-tnf-caferana-hux1.csv,1,0.989995977747979,0.361935100434556,11,31.0163636363636,27.8855216768086,48.5055167000053,2.56346388782412,58.1616115700689,3.98431953902416,18.9558615806952,28.8083554506374,1.76958463915436,40.9753004668963,3.00726119718272,1.47107645611885,1.68373084618171,1.44862462699108,1.4194309964135,1.32489972695314
ACI_curve8_1242012-tnf-tr11-curves-hux1.csv,1,0.99622146722717,0.368015946215273,14,31.0821428571429,29.991364273307,30.8998466586117,0.996309738831801,69.6437003988975,22.714071241469,20.3089830845894,18.2497883169614,0.685040052629353,48.8807054457951,17.1154819316647,1.47675361924274,1.69316192176833,1.45438173287491,1.42476872548673,1.32710672899292
ACI_curve9_10172012-tnf-tr9-aci-b2.csv,1,0.996498024109756,0.213998642448149,13,32.0961538461538,0.238459013946739,20.233243849305,2.4746830625285,76.5609331622462,6.52601337818032,0.152535869048655,10.9674161633854,1.6009634126895,50.7251470217202,4.81985757760121,1.56329796679283,1.844850559866,1.54574616940884,1.50932895531014,1.35398469210126
ACI_curve9_11262012-tnf-tr9-curves-b2.csv,1,0.998487575405713,0.163810655077532,11,32.4727272727273,0.79325848822458,124.490256251975,5.43336368679355,76.1879177573205,9.85476917991214,0.497540242406248,65.3730696083097,3.43675789234363,49.4134954405116,7.24512031106545,1.59436045693139,1.90430489187478,1.58095619679755,1.54184432973462,1.36019400048623
ACI_curve9_11292012-tnf-tr504-curves-b2_2.csv,1,0.997101749410916,0.426255508818379,12,40.1408333333333,29.9666270179264,69.3716383527578,1.07847966659904,99.4555566984302,13.842708698797,29.4906241812619,19.4153020146492,0.436339312771338,42.2607696363837,14.3136630742251,1.01614081932409,3.57303936350903,2.47165367646855,2.35337779113246,0.967097564544733
ACI_curve9_1242012-tnf-tr11-curves-b2.csv,1,0.997974499815371,0.203373778589154,14,31.8471428571429,1.69911033456157,26.1772108688516,2.44834750713856,61.7384147661277,20.0392490264965,1.10165181780928,14.490715831373,1.60774184807199,41.4863390645303,14.858171773805,1.54232971533636,1.80648155505036,1.52284865264571,1.48816251706607,1.34870220452194
ACI_curveaci4_11202012-tnf-tower-tachi-curves-b2.csv,1,0.998249896442447,0.277901303415066,13,32.8276923076923,5.71865341522496,99.2523877260758,2.64854075135431,100.200176232618,6.45184228483916,3.52430019344558,50.5883695678666,1.64016860883753,63.6976417984735,4.73016627183069,1.6226351619707,1.96196059635652,1.61479785497875,1.57305943208433,1.36397790565238
ACI_curvehas_number_12082012-tnf-tr9-in-tree-hux1.csv,1,0.997116436839696,0.205629187870448,12,30.8808333333333,29.9861462031059,22.1186994593876,0.956778834114249,44.5802692261463,15.4740483277851,20.5472367990044,13.2888791929303,0.665897140200843,31.6511308279229,11.7210730247979,1.45937609501628,1.66445184264711,1.43682676550566,1.40848898791373,1.3201904207104
ACI_curvel2_09272012-tnf-tr11-aci-b2.csv,1,0.996687894314886,0.371407143024345,9,31.2411111111111,1.06512893019618,115.520926910248,7.70787285817722,114.037878688296,8.14573022932808,0.714629926842101,67.3137870778032,5.24923886247646,79.3173579173647,6.1143943699205,1.49046225212385,1.71615551471983,1.46837914221736,1.43774177156914,1.33222192363002
ACI_curven-a_11202012-tnf-tower-tachi-curves-b2.csv,1,0.992676930071555,0.450332430963105,13,33.2561538461539,29.9261316600913,66.3989380470896,1.24235088669192,73.478728904478,23.8129882273726,18.0830625850671,32.6493780837865,0.749983368414491,45.5970191980587,17.4362152304488,1.65492606793299,2.03369687093865,1.65650458265271,1.61148097390556,1.36572002080979
